ID	Hora de inicio	Hora de finalización	Correo electrónico	Nombre	Trabajo en equipo	Liderazgo	Manejo del estrés 	Buena comunicación	Puntualidad y responsabilidad	Resolución de problemas	Proactividad	Respeto hacia las diferentes opiniones de los demás.	De las tecnologías que usted domina ¿qué tan frecuente actualiza su conocimiento sobre estas?	Según su respuesta en la pregunta anterior, justifique las razones de cuán frecuente actualiza su conocimiento en dichas tecnologías	¿Qué tan frecuente aprende nuevas tecnologías?	Según su respuesta en la pregunta anterior, justifique las razones de cuán frecuente aprende nuevas tecnologías	¿Ha laborado o labora actualmente en una entidad bancaria?	Centro de estudio universitario en donde cursó la licenciatura en Ingeniería en Sistemas:	¿Se ha certificado en alguna área perteneciente a la carrera de Ingeniería en Sistemas?	Indique en cuáles áreas se ha certificado: (Puede escoger más de una opción)	¿Cuáles fueron sus motivos para certificarse?	Entidad bancaria en la cual trabaja o ha trabajado:  (Puede escoger más de una opción)	¿En qué área se desempeña o desempeñó en el sector bancario?  (Puede escoger más de una opción)	¿Qué tareas realiza o realizó según el área en donde se desempeña/desempeñó? En caso de haberse desempeñado en más de un área, favor especificar qué tareas corresponden a cada una de las áreas.	¿Qué habilidades o requisitos necesitó para comenzar a laborar en una entidad bancaria? (Puede escoger más de una opción)	¿Qué tecnologías tuvo que aprender o reforzar una vez que comenzó a laborar en un banco?	Conocimientos de lenguajes de programación	Uso de librerías	Uso de frameworks	Desarrollo de aplicaciones web	Desarrollo de aplicaciones de escritorio	Desarrollo de aplicaciones móvil	Desarrollo de dispositivos embebidos	Conocimiento de metodologías de desarrollo (Scrum, Kanban, XP, etc.)	Conocimiento de los diferentes tipos de ataques informáticos (malware, phishing, ataques de aplicación, ataques de red)	Conocimientos de buenas prácticas en seguridad de la información (ISO 27000, COBIT, ITIL)	Conocimientos de protocolos de enrutamiento de redes (RIP, EIGRP, OSPF, etc.)	Conocimientos básicos de redes de datos (creación y administración de VLAN’s, DHCP, etc.)	Conocimiento de operaciones de base de datos (DDL, DML, DCL, TCL)	Conocimiento general de administración de base de datos (ETL, respaldo y recuperación de BD, seguridad de la BD, integridad de los datos, etc.)	Según su experiencia, ¿qué gestores de base de datos debe conocer un ingeniero en sistemas para laborar en una entidad bancaria? (Puede escoger más de una opción)	Según su experiencia, ¿qué sistemas operativos debe saber utilizar un ingeniero en sistemas para poder laborar en una entidad bancaria?  (Puede escoger más de una opción)	Según su experiencia, ¿qué lenguajes de programación debe conocer un ingeniero en sistemas para poder laborar en una entidad bancaria? (Puede escoger más de una opción)	¿Se encuentra actualmente realizando la Práctica Profesional Supervisada (PPS)?	¿Está realizando la PPS en una entidad bancaria?	Entidad bancaria en la cual está realizando la PPS:	¿Actualmente se encuentra cursando la clase de Seminario de Investigación?	¿En cuáles de las siguientes áreas de Ingeniería en Sistemas tiene mayor interés?  (Puede escoger más de una opción)	Explique las razones de su interés en las áreas de la pregunta anterior	Java	JavaScript	C++	Python	C#	PHP	En caso de dominar otros lenguajes que no aparecen en la pregunta anterior, indique cuáles lenguajes domina y el nivel de dominio que posee de cada uno	¿Cómo ha adquirido sus conocimientos en los lenguajes de programación preguntados anteriormente?   (Puede escoger más de una opción)	Uso de librerías2	Uso de frameworks2	Desarrollo de aplicaciones web2	Desarrollo de aplicaciones de escritorio2	Desarrollo de aplicaciones móvil2	Desarrollo de dispositivos embebidos2	Conocimiento de metodologías de desarrollo (Scrum, Kanban, XP, etc.)2	Conocimiento de los diferentes tipos de ataque informáticos (malware, phishing, ataques de aplicación, ataques de red)	Conocimientos de buenas prácticas en seguridad de la información (ISO 27000, COBIT, ITIL)2	Conocimientos de protocolos de enrutamiento de redes (RIP, EIGRP, OSPF, etc.)2	Conocimientos básicos de redes de datos (creación y administración de VLAN’s, DHCP, etc.)2	Conocimiento de operaciones de base de datos (DDL, DML, DCL, TCL)2	Conocimiento general de administración de base de datos (ETL, respaldo y recuperación de BD, seguridad de la BD, integridad de los datos, etc.)	De los siguientes patrones de diseño de software seleccione cuáles conoce:  (Puede escoger más de una opción)	¿Cómo ha adquirido sus conocimientos sobre los conceptos de la pregunta anterior? (Puede escoger más de una opción)	Oracle	SQL Server	MySQL	PostgreSQL	MongoDB	MariaDB	Db2	En caso de dominar otros gestores de base de datos que no aparecen en la pregunta anterior, indique cuáles gestores domina y el nivel de dominio que posee de cada uno	¿Cómo ha adquirido sus conocimientos en los gestores de base de datos preguntados anteriormente?  (Puede escoger más de una opción)	Al momento de diseñar una base de datos, ¿Cuáles de los siguientes principios utiliza?  (Puede escoger más de una opción)	¿Cuáles de los siguientes sistemas operativos sabe usar?  (Puede escoger más de una opción)	¿Cómo ha adquirido sus conocimientos en los sistemas operativos de la pregunta anterior? (Puede escoger más de una opción)	Al momento de buscar empleo ¿qué le interesa más?	¿Qué tanto le interesa trabajar en el sector bancario?	Especifique las razones por las cuales le interesa o no trabajar en el sector bancario	Si le ofrecen un trabajo o pasantía en la que se utilizan tecnologías o herramientas que no conoce ¿Lo aceptaría?	Especifique las razones por las cuales aceptaría o no el trabajo o pasantía
8	7/30/21 17:41:33	7/30/21 17:48:48	anonymous		5	4	5	5	5	4	5	5	Poco frecuente	Las actualizo siempre que lo considero necesario	Frecuente	Trato de mantenerme aprendiendo lo más frecuente que me es posible	No																											No			Sí	Base de datos;Desarrollo de software ;	Son las áreas que más me han gustado de la carrera	2	4	2	3	1	2		Cursos en Línea;Proyectos extracurriculares;Clases de la universidad;	3	4	4	1	0	0	3	4	2	1	3	4	2	Diseño por capas;Arquitectura orientada a servicios;	Cursos en Línea;Clases de la universidad;	3	4	4	4	4	0	0		Clases de la universidad;Cursos en Línea;	Organización eficiente de las tablas;Normalización de la base de datos;Diseño de las relaciones entre tablas;	Windows;Linux;	Clases de la universidad;	Tipo de empresa	Neutro	Para aprender sobre finanzas 	Sí	Es una oportunidad para aprender y ampliar conocimientos
9	7/30/21 17:44:46	7/30/21 17:50:17	anonymous		5	5	5	5	5	5	5	5	Frecuente	Para estar en vanguardia	Frecuente	Para estar en vanguardia	No																											No			Sí	Desarrollo de software ;	Es más dinámica	2	5	3	5	0	2	Typescript 4 Go 2 SQL 5 R 3 	Cursos en Línea;Proyectos extracurriculares;Trabajos/Pasantías;	4	4	5	0	0	0	4	2	2	0	0	5	3	Modelo Vista-Controlador;Microservicios;	Cursos en Línea;Proyectos extracurriculares;Trabajos/Pasantías;Clases de la universidad;	3	4	5	5	2	3	0		Cursos en Línea;Proyectos extracurriculares;Trabajos/Pasantías;Clases de la universidad;	Diseño de las llaves primarias y las llaves foráneas;Diseño de las relaciones entre tablas;Normalización de la base de datos;Organización eficiente de las tablas;	Windows;Linux;	Cursos en Línea;Proyectos extracurriculares;Trabajos/Pasantías;Clases de la universidad;	Tipo de empresa	Poco	No poder innovar	Sí	Crecimiento
10	7/30/21 17:49:04	7/30/21 17:53:27	anonymous		5	5	5	5	5	5	5	5	Poco frecuente	Simplemente cuando necesito aprender algo nuevo	Poco frecuente	Cuando necesito aprender algo nuevo 	No																											No			Sí	Redes de datos;Seguridad informática ;Inteligencia de negocios ;Base de datos;	Son las áreas que más me han llamado la atención en la carrera	3	2	3	3	3	3		Clases de la universidad;	4	3	3	4	2	2	4	4	4	4	4	3	3	Microservicios;	Clases de la universidad;	4	3	3	2	2	2	2		Clases de la universidad;	Normalización de la base de datos;Organización eficiente de las tablas;Diseño de las llaves primarias y las llaves foráneas;	Windows;	Clases de la universidad;	Tipo de empresa	Poco	Trabajo demasiado demandante de tiempo	Sí	Toda oportunidad debe ser considerada
11	7/30/21 17:41:59	7/30/21 17:53:56	anonymous		5	4	4	5	4	4	4	5	Frecuente	Debido a la constante evolucion de nuevas tecnologias, y desuso de otras.	Poco frecuente	Debido al poco tiempo que me queda al realizar las tareas y proyectos.	No																											No			Sí	Base de datos;Seguridad informática ;Desarrollo de software ;Redes de datos;	Me gustaria poder desarrollarme en las distintas areas de la carrera y no limitarme en solo una de estas.	4	3	3	4	0	5		Cursos en Línea;Clases de la universidad;	4	4	5	3	2	0	5	5	5	4	5	5	5	Diseño por capas;Modelo Vista-Controlador;	Cursos en Línea;Clases de la universidad;	0	5	5	0	0	0	0		Cursos en Línea;Clases de la universidad;	Diseño de las relaciones entre tablas;Normalización de la base de datos;Diseño de las llaves primarias y las llaves foráneas;	Windows;Linux;	Cursos en Línea;Clases de la universidad;	El sueldo	Mucho	Debido a que estos cuentan con distintas areas  para poder desarrollar mis habilidades profesionales	Sí	Lo aceptaria, pero le haria saber que no tengo experiencia en ellas , pero me puedo capacitar para adquirir esos conocimientos.
12	7/30/21 17:44:24	7/30/21 17:56:34	anonymous		4	4	5	5	4	3	5	4	Frecuente	Porque siempre tengo dudas de comp hacer las cosas	Frecuente	Porque me sirve para buscar alternativas en otras tecnologías que manejo	No																											No			Sí	Desarrollo de software ;Seguridad informática ;Base de datos;	Porque me gusta la programacion	3	4	2	2	0	4	Sh y seria un 2	Clases de la universidad;Cursos en Línea;	4	3	3	2	0	0	4	4	3	2	1	2	3	Modelo Vista-Controlador;Arquitectura orientada a servicios;Microservicios;	Cursos en Línea;Clases de la universidad;	4	4	4	2	3	3	0	Ningun otro	Cursos en Línea;Clases de la universidad;	Organización eficiente de las tablas;Diseño de las relaciones entre tablas;Normalización de la base de datos;Diseño de las llaves primarias y las llaves foráneas;	Windows;Linux;	Cursos en Línea;Clases de la universidad;Proyectos extracurriculares;	El sueldo	Mucho	Por su respeto por sus normas(horarios y roles) y su estructura organizacional definida	Sí	Para aprender algo nuevo y obtener mas experiencia
13	7/30/21 17:50:51	7/30/21 17:58:11	anonymous		5	5	5	5	5	5	5	5	Frecuente	Debido al trabajo	Poco frecuente	Dependiendo de las nuevas necesidades o mejoras	No																											Sí	No		Sí	Base de datos;Seguridad informática ;Redes de datos;Infraestructura;	Crecimiento profesional	4	4	1	3	1	3		Cursos en Línea;Clases de la universidad;	2	2	4	4	0	0	4	5	4	4	4	4	3	Arquitectura orientada a servicios;Arquitectura dirigida por eventos;Diseño por capas;	Cursos en Línea;Trabajo;	3	3	3	3	3	0	0		Cursos en Línea;Clases de la universidad;Trabajo;	Organización eficiente de las tablas;Diseño de las relaciones entre tablas;Diseño de las llaves primarias y las llaves foráneas;Normalización de la base de datos;	Windows;Linux;	Trabajo;	Funciones a realizar	Neutro	No me llama la atención	Sí	Es nuevo conocimiento
14	7/30/21 17:50:52	7/30/21 18:00:08	anonymous		5	4	4	4	5	4	4	5	Poco frecuente	Poco frecuente 	Poco frecuente	Aprendo las tecnologías requeridas en las asignaturas 	No																											No			Sí	Base de datos;Desarrollo de software ;	Mayor agrado personal	2	3	3	3	0	3		Clases de la universidad;	5	5	2	0	1	0	4	4	4	1	3	5	4	Arquitectura orientada a servicios;	Cursos en Línea;	3	4	3	2	0	0	0		Clases de la universidad;	Organización eficiente de las tablas;Diseño de las relaciones entre tablas;	Windows;	Proyectos extracurriculares;Clases de la universidad;	Funciones a realizar	Mucho	Un sector muy llamativo 	Sí	Porque podría seguir obteniendo más conocimiento sobre áreas que desconozco 
15	7/30/21 17:55:28	7/30/21 18:16:31	anonymous		5	5	5	5	5	5	5	5	Frecuente	Un par de meses. 	Frecuente	Una por trimestre. 	No																											No			Sí	Base de datos;Seguridad informática ;Redes de datos;	Son las áreas en las que me estoy capacitando... 	3	3	3	1	0	2	SQL - 4	Cursos en Línea;Proyectos extracurriculares;Clases de la universidad;	2	2	3	2	1	0	5	4	3	4	4	5	3	Diseño por capas;	Cursos en Línea;	5	4	3	1	0	1	0		Cursos en Línea;Proyectos extracurriculares;Trabajos/Pasantías;Clases de la universidad;	Diseño de las llaves primarias y las llaves foráneas;Diseño de las relaciones entre tablas;Normalización de la base de datos;Organización eficiente de las tablas;	Windows;Linux;	Cursos en Línea;Proyectos extracurriculares;Trabajos/Pasantías;Clases de la universidad;	El sueldo	Mucho	Es un sector con mucho crecimiento y donde se puede hacer carrera. 	Sí	Toda experiencia sirve para seguir creciendo profesionalmente. 
16	7/30/21 18:04:07	7/30/21 18:21:53	anonymous		5	4	5	5	5	5	5	5	Muy frecuente	En desarrollo de software generalmente cada dos años hay una nueva tecnología y cada 6 meses una actualización de las ya conocidas por tanto siempre hay que estar en constante estudio 	Muy fecuente	Constantemente hay que estar aprendiendo nuevas tecnologías porque el campo laboral lo demanda 	No																											No			Sí	Desarrollo de software ;Base de datos;	Desarrollo de software es un ámbito en el cual trabajo como desarrollador, es una área emocionante porque en cada proyecto haces cosas muy diferentes y constantemente actualizas tus habilidades 	4	5	4	5	3	4	Go 3	Proyectos extracurriculares;Clases de la universidad;Cursos en Línea;Trabajos/Pasantías;	5	5	5	3	3	2	5	3	5	5	5	5	5	Modelo Vista-Controlador;Microservicios;Abstract, Factory, Singleton, Adapter;	Trabajos/Pasantías;Cursos en Línea;	4	3	5	5	5	5	0	Redis 4, Cassandra 4	Trabajos/Pasantías;Cursos en Línea;Clases de la universidad;	Normalización de la base de datos;	Linux;Windows;	Clases de la universidad;Trabajos/Pasantías;	Funciones a realizar	Neutro	No me llama mucho porque utilizan sistemas y lenguajes de programación muy antiguos como as400 fortran	Sí	Aceptaría porque es una oportunidad de aprender una tecnología nueva que incrementaría mis habilidades y conocimientos técnicos por ende experiencia laboral y en su defecto mayor oferta laboral y a su mejor salario 
17	7/30/21 21:53:03	7/30/21 22:17:15	anonymous		5	3	3	3	3	5	3	4	Muy frecuente	Utilizo dicho conocimiento para desempeñarme en el trabajo y en algunas clases de la universidad	Muy fecuente	Mi trabajo requiere que este en constante aprendizaje de nuevas tecnologias y tambien por mi cuenta me gusta ser autodidacta	No																											No			Sí	Desarrollo de software ;Inteligencia artificial;	En desarrollo web por la increible demanda laboral que existe y en inteligencia artificial por el gran potencial que tiene para reformular muchas industrias	1	4	2	4	0	5		Cursos en Línea;Trabajos/Pasantías;Clases de la universidad;	4	4	4	3	0	0	1	2	0	2	2	4	2	Modelo Vista-Controlador;Microservicios;Arquitectura orientada a servicios;	Clases de la universidad;Proyectos extracurriculares;Cursos en Línea;Trabajos/Pasantías;	2	4	4	0	2	4	0		Cursos en Línea;Proyectos extracurriculares;Trabajos/Pasantías;Clases de la universidad;	Normalización de la base de datos;Diseño de las relaciones entre tablas;	Windows;Linux;Mac OS;	Proyectos extracurriculares;	Cultura Organizacional	Poco	No me interesa el sector bancario porque los procesos son rigidos y utilizan tecnologias viejas	Sí	Lo aceptaria principalmente para adquirir experiencia laboral que es crucial los primeros años, que fue exactamente lo que hice ya.
18	7/31/21 10:14:26	7/31/21 10:19:56	anonymous		5	3	5	5	5	5	5	5	Frecuente	por curiosidad	Frecuente	bastante seguido	No																											Sí	No		Sí	Desarrollo de software ;Base de datos;	se me hacen mas gratificantes	3	3	0	3	3	4		Cursos en Línea;Clases de la universidad;	3	3	5	0	3	0	5	3	0	4	5	5	3	Modelo Vista-Controlador;	Clases de la universidad;	5	5	5	0	2	0	0		Clases de la universidad;	Diseño de las relaciones entre tablas;Diseño de las llaves primarias y las llaves foráneas;	Windows;	Clases de la universidad;	Funciones a realizar	Mucho	creo que se trabaja con grandes cantidades de transacciones	Sí	por experiencia
19	7/31/21 10:26:29	7/31/21 10:35:18	anonymous		5	5	5	5	5	5	5	4	Frecuente	El constante cambio tecnológico lo requiere 	Frecuente	Me gusta saber un poco de todo, aunque en determinado momento me tendré que especializar en algo 	No																											No			Sí	Desarrollo de software ;Base de datos;	Gustos personales, son las áreas en las que me siento ms cómodo y me llaman mas la atención 	2	5	1	5	2	4	Go:4	Cursos en Línea;Proyectos extracurriculares;	4	4	5	4	2	2	4	4	4	4	4	4	2	Modelo Vista-Controlador;Microservicios;	Cursos en Línea;Proyectos extracurriculares;	3	3	4	5	3	0	2		Cursos en Línea;	Organización eficiente de las tablas;Diseño de las llaves primarias y las llaves foráneas;Diseño de las relaciones entre tablas;Normalización de la base de datos;	Windows;Linux;	Cursos en Línea;Proyectos extracurriculares;Clases de la universidad;	Funciones a realizar	Mucho	Siempre están a la vanguardia respecto a tecnología 	Sí	Puedo aprender en el camino, mi capacidad de aprendisaje es rápida 
20	7/31/21 13:55:33	7/31/21 14:16:13	anonymous		5	3	5	5	5	5	5	5	Frecuente	Nos encontramos en el sector tecnológico que esta en constante desarrollo con nuevas tecnologías, lo cual para estar en la vanguardia de estos conocimientos y no quedarse desactualizado, se tiene que poner al tanto de las tecnologías de su área. 	Frecuente	Por lo general estoy en cursos nuevos, cada vez que termina el periodo académico.	No																											Sí	No		Sí	Desarrollo de software ;Base de datos;Ciencia de datos;	Para el mundo laboral, como ingeniero en sistemas, es de mucha importancia tener la habilidad del desarrollo de software, ya que se podría decir que es la base del ingeniero. El saber Bases de datos, para posteriormente dominar el big data en conjunto con las ciencias de datos, en mi opinión, es en lo que habrá muchas oportunidades laborales y la curva de aprendizaje es muy bueno para desarrollo personal.	3	5	2	2	3	4		Cursos en Línea;Trabajos/Pasantías;Clases de la universidad;	5	4	5	3	2	0	5	3	1	2	2	5	4	Diseño por capas;Modelo Vista-Controlador;Arquitectura orientada a servicios;	Cursos en Línea;Clases de la universidad;Trabajos/Pasantías;	4	4	4	4	4	0	0	Firestore (Firebase) 3	Cursos en Línea;Clases de la universidad;	Organización eficiente de las tablas;Diseño de las llaves primarias y las llaves foráneas;Diseño de las relaciones entre tablas;Normalización de la base de datos;	Windows;Linux;	El uso e investigación de ellos;	El sueldo	Neutro	Si se trabaja en el sector financiero en un banco x, eso le abre puertas en cualquiera de los otros bancos que hay en el país. En lo personal, me gustaría laborar en un lugar donde los proyectos que se desarrollen fueran mas de investigación. 	Sí	Creo que el conocer el mundo financiero en si mismo es beneficioso a manera personal. También podría agrega el beneficio que se tiene al manejar la infraestructura que manejan estos sectores, lo que conlleva a buenas practicas en código y la seguridad de los sistemas. 
21	7/31/21 16:23:10	7/31/21 16:27:00	anonymous		5	5	5	4	5	5	5	5	Frecuente	Poco tiempo	Frecuente	Poco tiempo	No																											Sí	No		Sí	Base de datos;Seguridad informática ;	Estoy sacando una certificación en Base de datos y seguridad siempre me atrajo.	4	1	1	2	0	3		Cursos en Línea;Trabajos/Pasantías;Clases de la universidad;	4	4	4	2	0	0	2	3	2	2	2	4	4	Modelo Vista-Controlador;	Cursos en Línea;Clases de la universidad;	4	2	3	0	0	0	0		Clases de la universidad;Proyectos extracurriculares;Cursos en Línea;	Organización eficiente de las tablas;Diseño de las llaves primarias y las llaves foráneas;Diseño de las relaciones entre tablas;Normalización de la base de datos;	Windows;Linux;	Cursos en Línea;Clases de la universidad;	Funciones a realizar	Neutro	Por los restrictivos que son	Sí	me gusta aprender de lo que pueda y cuando pueda
22	7/31/21 17:30:17	7/31/21 17:35:21	anonymous		5	5	5	5	5	5	4	4	Poco frecuente	Solamente cuando es necesario	Poco frecuente	Tiempo	No																											Sí	No		Sí	Base de datos;Seguridad informática ;Redes de datos;	BI, Auditoria, redes, son trabajos que me gusta desempeñar	3	4	1	1	1	3		Cursos en Línea;Clases de la universidad;	3	3	2	3	1	0	5	5	3	3	4	5	4	Modelo Vista-Controlador;Diseño por capas;Arquitectura orientada a servicios;	Clases de la universidad;	3	4	4	4	2	0	0		Cursos en Línea;Clases de la universidad;Trabajos/Pasantías;	Organización eficiente de las tablas;Diseño de las llaves primarias y las llaves foráneas;Diseño de las relaciones entre tablas;Normalización de la base de datos;	Windows;Linux;	Trabajos/Pasantías;Clases de la universidad;	El sueldo	Mucho	Mayor aprendizaje y adquirir mas experiencia	Sí	Mayor aprendizaje
23	8/1/21 12:18:22	8/1/21 12:28:33	anonymous		5	5	4	5	4	4	4	4	Frecuente	De forma frecuente practico lo aprendido y me actualizo para mejorar mi perfil profesional.	Poco frecuente	Por falta de planeación de tiempo resulta más complicado aprender algo nuevo de forma frecuente.	No																											No			Sí	Desarrollo de software ;Base de datos;	Son las áreas que más me han gustado de la carrera y donde me siento más capacitado.	2	4	1	3	0	3		Clases de la universidad;Cursos en Línea;	4	4	5	2	0	0	3	4	2	2	3	4	4	Modelo Vista-Controlador;Diseño por capas;	Clases de la universidad;	3	5	5	0	3	2	0		Cursos en Línea;Clases de la universidad;	Organización eficiente de las tablas;Diseño de las relaciones entre tablas;	Windows;Linux;	Clases de la universidad;Proyectos extracurriculares;	Funciones a realizar	Neutro	Mi postura es neutra ya que de igual forma me tocaría aprender como se maneja el área de TI.	Sí	Supondría un reto pero si me ofrecen el trabajo me pondría en acción para aprender las tecnologías requeridas.
24	8/1/21 17:32:24	8/1/21 17:41:54	anonymous		5	4	5	5	5	4	4	5	Poco frecuente	Falta de interés	Poco frecuente	Falta de interés	No																											Sí	No		Sí	Desarrollo de software ;Redes de datos;	Porque me llaman la atención y en el caso de desarrollo es en lo que más he trabajado últimamente.	3	4	2	0	0	2		Clases de la universidad;Cursos en Línea;	3	4	4	0	0	0	3	3	3	2	2	0	0	Diseño por capas;Modelo Vista-Controlador;	Cursos en Línea;Clases de la universidad;	3	4	3	0	4	0	0		Cursos en Línea;Clases de la universidad;	Diseño de las relaciones entre tablas;Organización eficiente de las tablas;	Windows;Linux;	Clases de la universidad;Cursos en Línea;	Funciones a realizar	Poco	Prefiero otro entorno de trabajo	Sí	En caso de que ellos estén dispuesto a ayudarme con la adaptación. Es bueno conocer cosas nuevas.
25	8/1/21 17:28:08	8/1/21 17:43:48	anonymous		5	4	4	5	5	4	4	4	Poco frecuente	Estudio dos carreras, entonces tengo poco tiempo	Poco frecuente	Poco tiempo	No																											No			Sí	Desarrollo de software ;Base de datos;	El área de desarrollo de software me gusta porque me parece importante el desarrollo de soluciones automatizadas para la resolución de problemas	3	4	1	3	0	1		Clases de la universidad;Cursos en Línea;	4	4	5	3	0	0	4	2	1	1	1	4	4	Modelo Vista-Controlador;	Clases de la universidad;	3	3	2	0	5	2	0		Clases de la universidad;	Normalización de la base de datos;Diseño de las relaciones entre tablas;	Windows;Linux;	Clases de la universidad;	El sueldo	Mucho	He escuchado que son instituciones donde se puede crecer laboralmente	Sí	Porque me daría la oportunidad de aprender
26	8/2/21 10:30:13	8/2/21 10:57:11	anonymous		5	5	5	5	5	5	5	5	Frecuente	En el entorno laboral, la actualización de tecnologias es muy impirtante, en mi caso es frecuente pues la demanda y competencia es fuerte y exigente. 	Frecuente	Nos mantenemos actualizados en base a las necesidades que la empresa va adquiriendo conforme a los nuevos productos o servicios que se ofrecen 	Sí	CEUTEC	No			Banpais;	TI;	Soporte de TI, a usuarios y ATMs	Conocimientos intermedios de base de datos (manejo de gestores, consultas, creaciones de usuarios, asignación de roles, etc.);Conocimientos de lenguajes de programación;Conocimiento en creación y mantenimiento de aplicaciones web;	Gestion de toma de desiciones, manejo de seguridad de la información, BD y programacion	5	4	4	5	5	4	4	5	5	5	4	4	5	4	Oracle;SQL Server;MySQL;	Windows;Linux;	C#;JavaScript ;Java ;C++;																																														
27	8/2/21 11:37:42	8/2/21 11:40:18	anonymous		3	1	4	1	4	4	2	1	Muy frecuente	Por actividades relacionadas a mi trabajo e intereses	Muy fecuente	Por actividades relacionadas a mi trabajo e intereses	No																											No			No																																										
28	8/2/21 13:28:38	8/2/21 13:33:55	anonymous		5	2	5	5	3	5	5	5	Muy frecuente	Básicamente porque vengo aprendiendo entonces  con todo lo que hago ya me actualizo	Poco frecuente	Poco frecuente porque casi no queda tiempo	Sí	UNAH	No			Banco Atlántida;	Base de Datos;	Brindar soporte a todas las aplicaciones del banco	Conocimientos intermedios de base de datos (manejo de gestores, consultas, creaciones de usuarios, asignación de roles, etc.);Conocimientos de lenguajes de programación;Conocimiento en creación y mantenimiento de aplicaciones web;	Usar lenguaje SQL	2	0	2	5	4	5	2	0	5	5	3	0	5	5	Db2;SQL Server;MySQL;Oracle;	Windows;	JavaScript ;Java ;C#;																																														
29	8/2/21 14:12:43	8/2/21 14:21:56	anonymous		5	4	5	4	5	5	5	5	Poco frecuente	Por falta de tiempo no me actualizo tan frecuentemente	Poco frecuente	Falta de tiempo	Sí	UNAH	No			Banco Lafise;	Desarrollo de software;	Desarrollo de Web services 	Conocimientos intermedios de base de datos (manejo de gestores, consultas, creaciones de usuarios, asignación de roles, etc.);Conocimientos de lenguajes de programación;	Desarrollo de microservicios, bases de datos, algunos frameworks 	5	3	5	5	5	3	3	4	1	1	1	0	5	4	Oracle;SQL Server;	Linux;Windows;	Java ;C#;JavaScript ;																																														
30	8/2/21 17:12:21	8/2/21 17:19:42	anonymous		5	4	4	5	5	4	4	5	Frecuente	Paso actualizando mi conocimiento a través de tutoriales, cursos o recursos en Internet	Frecuente	Trato de investigar constantemente de las nuevas tecnologías y más de las que están dando mejores oportunidades en el mercado laboral	Sí	UNAH	Sí	Análisis y Diseño de Software;Gestión de Proyectos;	Mejorar perfil profesional y ampliar conocimientos	Banco Atlántida;	Desarrollo de software;	Análisis de incidentes. Mejoras a sistemas existentes. Creación de nuevos sistemas o productos.	Conocimientos intermedios de base de datos (manejo de gestores, consultas, creaciones de usuarios, asignación de roles, etc.);Conocimientos de lenguajes de programación;	Genexus RPG Java	4	2	2	4	4	4	1	3	3	3	1	1	1	3	Oracle;SQL Server;Db2;	Windows;Linux;Unix;	Java ;C++;C#;RPG;																																														
31	8/2/21 18:32:07	8/2/21 18:45:06	anonymous		5	5	5	5	5	5	5	5	Poco frecuente	Por tiempo	Frecuente	Por que trabajo a diario con ellas.	Sí	UNAH	No			Banco Atlántida;	Desarrollo de software;Base de Datos;	Resolución de problemas Desarrollo 	Conocimientos intermedios de base de datos (manejo de gestores, consultas, creaciones de usuarios, asignación de roles, etc.);Conocimientos de lenguajes de programación;Conocimiento en creación y mantenimiento de aplicaciones web;	Java	5	5	5	5	5	2	3	5	2	2	3	2	5	2	SQL Server;Oracle;MySQL;Db2;	Linux;Windows;	Java ;C#;C++;																																														
32	8/2/21 20:44:10	8/2/21 20:54:44	anonymous		5	3	4	5	5	4	4	3	Poco frecuente	Queda poco tiempo para poder investigar tecnologías fuera de las utilizadas en el trabajo 	Frecuente	Depende de la demanda del trabajo y qué tecnologías exigen para desarrollar 	Sí	UNAH	No			Banco Atlántida;	Desarrollo de software;	Desarrollo de software Análisis de requerimientos Implementación de metodologías ágiles  Resolución de incidencias	Conocimientos intermedios de base de datos (manejo de gestores, consultas, creaciones de usuarios, asignación de roles, etc.);Conocimientos de lenguajes de programación;Conocimiento en creación y mantenimiento de aplicaciones web;	RPG  Java 	5	4	4	3	5	3	3	5	5	5	5	5	5	5	SQL Server;MySQL;Db2;Oracle;	Linux;Windows;	Java ;JavaScript ;C#;																																														
33	8/2/21 20:39:40	8/2/21 20:55:51	anonymous		5	5	5	5	5	4	4	4	Muy frecuente	Incidentes y parches en las plataformas	Muy fecuente	Nuevas plataformas 	Sí	UNAH	No			Banco Ficohsa;	Base de Datos;Infraestructura;Seguridad informática;	Ingeniería. 	Conocimientos intermedios de base de datos (manejo de gestores, consultas, creaciones de usuarios, asignación de roles, etc.);Conocimientos de lenguajes de programación;Conocimiento en creación y mantenimiento de aplicaciones web;Conocimiento en creación y mantenimiento de aplicaciones móviles;	Unix	5	5	5	5	4	4	4	4	4	3	3	4	5	5	Oracle;SQL Server;MySQL;PostgreSQL;MariaDB;PostgreSQL;	Windows;Linux;Unix;	Java ;JavaScript ;Python;C++;PHP;C#;Oracle Developer.. Net;																																														
34	8/2/21 20:53:10	8/2/21 20:58:09	anonymous		1	2	4	4	5	5	5	2	Muy frecuente	Cada día sale algo diferente que toca seguir investigando	Poco frecuente	Se usa solo unos pocos programas y no se pasa de ahí, es difícil que implementen algo nuevo 	Sí	UNAH	No			Banco Ficohsa;	Base de Datos;	Bi	Conocimientos intermedios de base de datos (manejo de gestores, consultas, creaciones de usuarios, asignación de roles, etc.);Conocimientos de lenguajes de programación;Api rest;	Power bi	5	4	4	4	4	3	1	4	5	4	3	3	5	5	Oracle;SQL Server;MySQL;Db2;MongoDB;	Windows;Linux;	JavaScript ;Java ;C#;																																														
35	8/2/21 20:58:00	8/2/21 21:17:59	anonymous		4	3	4	5	4	4	5	5	Frecuente	Porque la tecnologia se actualiza constantemente, y es necesario conocer siempre lo anterior y los nuevos cambios y asi tener una noción mas extensa.	Frecuente	Siempre es necesario conocer nuevas tecnologías ya que nos habilita nuevas posibilidades tanto salarial como en puesto en donde se labora (sino nos da mas oportunidad de conseguir empleo).	Sí	CEUTEC	No			Banco Ficohsa;BAC ;	Base de Datos;Infraestructura;	Actividades de base de datos como tal, administración de servidores, control de inventarios de las bases, parcheos, etc	Conocimientos intermedios de base de datos (manejo de gestores, consultas, creaciones de usuarios, asignación de roles, etc.);Conocimientos de lenguajes de programación;Conocimiento en creación y mantenimiento de aplicaciones web;Conocimiento en creación y mantenimiento de aplicaciones móviles;	Dependiendo en el puesto y área donde se posicione, ejemplo si es de dba tocaría reforzar la administración del o de las tecnologias que manejan, si es desarrollo el lenguaje que mas se usa. 	3	2	3	3	3	3	3	4	3	2	1	1	3	3	Oracle;PostgreSQL;Db2;SQL Server;MySQL;Sybase;	Linux;Windows;	Java ;PHP;JavaScript ;																																														
36	8/2/21 21:22:11	8/2/21 21:26:12	anonymous		5	5	5	5	5	5	5	5	Frecuente	Mensualmente 	Frecuente	Mensualmente 	Sí	Uth	No			Banco Ficohsa;Banco Atlántida;	Base de Datos;Infraestructura;	Administración 	Conocimientos intermedios de base de datos (manejo de gestores, consultas, creaciones de usuarios, asignación de roles, etc.);Conocimientos de lenguajes de programación;Administración de redes de datos;	Motor de bases de datos	5	5	5	5	3	5	5	5	5	5	4	4	4	4	Oracle;SQL Server;PostgreSQL;Db2;MySQL;	Windows;Linux;Unix;	JavaScript ;Python;PHP;C++;																																														
37	8/2/21 21:31:21	8/2/21 21:40:54	anonymous		5	4	5	5	5	5	5	4	Frecuente	Frecuente porque se hacen desarrollos en base a estás tecnologías, aunque no necesariamente se está trabajando todo el tiempo en desarrollo	Frecuente	En un momento de mi vida el aprendizaje fue muy frecuente. En estos momentos estoy algo atrasado en eso	Sí	UNAH	No			Banco Atlántida;	Base de Datos;Desarrollo de software;Infraestructura;	Análisis, desarrollo, pruebas, administración de servidores.	Conocimientos intermedios de base de datos (manejo de gestores, consultas, creaciones de usuarios, asignación de roles, etc.);Conocimientos de lenguajes de programación;	RPG, GeneXus, db2	5	3	3	3	3	2	2	5	2	2	2	2	4	4	Oracle;SQL Server;MySQL;PostgreSQL;MongoDB;MariaDB;Db2;	Windows;AS400;	Java ;C#;JavaScript ;																																														
38	8/2/21 21:55:34	8/2/21 22:12:53	anonymous		5	4	5	5	5	5	4	4	Muy frecuente	La actualización es constante y continua para diferentes herramientas y actualizaciones	Muy fecuente	El software requiere de actualización por temas de eficiencia y seguridad. 	Sí	CEUTEC	No			Banco Atlántida;	Base de Datos;BI;	Auditoria de sistemas - Auditorias basadas en riesgo tecnológico y procesos.  Data Warehouse- Inteligencia de negocios 	Conocimientos intermedios de base de datos (manejo de gestores, consultas, creaciones de usuarios, asignación de roles, etc.);Conocimientos de lenguajes de programación;	SAP BW	3	3	5	5	1	5	3	3	3	3	2	2	4	3	SQL Server;MySQL;MongoDB;Db2;	Linux;Windows;	Nodejs;Python;Java ;																																														
39	8/2/21 22:47:06	8/2/21 22:55:39	anonymous		5	5	5	5	5	5	4	4	Poco frecuente	Se usan tecnologías ya asentadas en el mercado desde hace muchos años que se actualizan con el tiempo pero que realmente son muy esporádicas las actualizaciones y no marcan una gran diferencia con lo que se viene trabajando desde hace años 	Muy fecuente	Siempre me gusta estar al tanto de las tecnologías nuevas que van saliendo sobre todo en web que cada día evoluciona y de hecho facilita el desarrollo.	Sí	UNAH	Sí	Diseño y Administración de Redes de Datos;	Sobre todo para aumentar el currículum mientras estudiaba.	BAC ;	Desarrollo de software;	Desarrollo de programas y reportería	Conocimientos intermedios de base de datos (manejo de gestores, consultas, creaciones de usuarios, asignación de roles, etc.);Conocimientos de lenguajes de programación;	El lenguaje de programación RPGLE y saber utilizar el servidor de AS-400 de IBM.	5	5	5	5	3	5	3	5	5	4	4	3	4	5	Db2;MySQL;	Windows;	Java ;RPG/RPGLE;C#;																																														
40	8/2/21 23:08:03	8/2/21 23:12:35	anonymous		5	5	3	4	5	5	5	3	Frecuente	cada día que afrento nuevos retos en mis labores	Frecuente	todos los dias	Sí	UNAH	Sí	Diseño y Administración de Base de Datos;Diseño y Administración de Redes de Datos;	mejor mi CV	Banco Atlántida;	Análisis de Datos;	Reporteria y desarrollo de software	Conocimientos intermedios de base de datos (manejo de gestores, consultas, creaciones de usuarios, asignación de roles, etc.);Conocimientos de lenguajes de programación;Administración de redes de datos;	Microsoft 365, power Bi 	2	1	2	3	3	2	0	0	1	1	1	2	5	5	Oracle;SQL Server;	Windows;	Java ;C++;Python;PHP;JavaScript ;																																														
41	8/3/21 8:13:36	8/3/21 8:30:33	anonymous		4	4	5	5	4	5	5	4	Muy frecuente	Cada 10 meses, más o menos.	Muy fecuente	Trato de aprender algo nuevo cada año, me lo pongo como meta.	Sí	UNAH	Sí	Diseño y Administración de Base de Datos;Gestión de Proyectos;DB Clusters;	Mejorar mi pericia en el área.	Banco de Occidente;Banco Atlántida;Banco Promerica;	Base de Datos;Infraestructura;Gerencia de TI;	Administración de Bases de Datos, Administración de la Infraestructura de TI, Administración de SAN´s (Almacenamiento), Gerencia de Infraestructura, Investigación de Nuevas Tecnologías aplicables al área, Administración de Servidores de Aplicaciones, Administración de Hipervisores (VmWare), Administración de Sistemas Operativos Linux/Unix.	Conocimientos intermedios de base de datos (manejo de gestores, consultas, creaciones de usuarios, asignación de roles, etc.);Conocimientos de lenguajes de programación;Conocimiento en creación y mantenimiento de aplicaciones web;	Conocimiento de herramientas de desarrollo RDA (Rapid Development Application) como Oracle Forms and Reports y Administración de Sistemas Operativos Unix/Linux y Administración de Bases de Datos (Oracle, Microsoft SQL Server, MySQL, PostGres, entre otros).	5	5	5	5	2	3	4	4	2	3	3	4	5	5	Oracle;SQL Server;MySQL;MongoDB;	Windows;Linux;Unix;	Java ;Python;PHP;																																														
42	8/3/21 8:36:14	8/3/21 8:44:26	anonymous		5	4	5	3	5	5	5	4	Frecuente	Conocer las mejoras y su puesta en practica	Frecuente	Deberia ser muy frecuente pero eso depende del tiempo que se pueda dedicar a esta actividad tomando en cuenta la carga laboral 	Sí	UNAH	No			Banco Ficohsa;	Infraestructura;	DbA	Conocimientos intermedios de base de datos (manejo de gestores, consultas, creaciones de usuarios, asignación de roles, etc.);Conocimiento en creación y mantenimiento de aplicaciones móviles;Conocimientos de lenguajes de programación;	Redes	3	3	3	3	3	3	0	4	4	3	2	3	4	3	SQL Server;Oracle;MySQL;MariaDB;	Linux;Windows;	Java ;																																														
43	8/3/21 11:57:37	8/3/21 12:04:50	anonymous		5	5	4	5	5	4	5	5	Frecuente	Por la demanda en el ámbito laboral 	Frecuente	Mayores competencias laborales 	Sí	UNAH	No			Banco Atlántida;	Análisis de sistemas;	Administración de bases de Datos  Diseño de app Desarrollo de sistemas 	Conocimientos intermedios de base de datos (manejo de gestores, consultas, creaciones de usuarios, asignación de roles, etc.);Conocimiento en creación y mantenimiento de aplicaciones web;	Herramientas enfocadas a cada entidad Financiera 	4	4	4	4	4	4	3	5	4	4	4	4	4	4	Oracle;SQL Server;MySQL;	Windows;Linux;	Java ;JavaScript ;C#;PHP;																																														
44	8/4/21 17:42:40	8/4/21 17:52:58	anonymous		5	4	4	5	5	5	4	5	Frecuente	Muy frecuentemente, investigo o recibo cursos que me hacen poder resolver problemas que surgen en las tecnologías que utilizo en mi práctica. 	Frecuente	Me sirve sobre todo para ser competitivo en el mercado laboral, y sobre todo cuando este se actualiza constantemente. 	Sí	UNAH	No			BAC ;	Seguridad informática;	-Administración de tecnologías de protección de red, equipo, usuarios etc. -Actividades operativas diarias (soporte a usuarios).  -Proyectos de ciberseguridad a nivel nacional y regional. 	Administración de redes de datos;Conocimientos básicos de ciberseguridad. ;	Active directory, Tecnologías de Redes y Sistemas operativos etc	3	3	4	2	2	0	0	1	5	4	3	4	4	3	Oracle;SQL Server;MySQL;PostgreSQL;MongoDB;Db2;	Windows;Linux;Mac OS;	Java ;JavaScript ;C++;Python;C#;PHP;																																														
45	8/4/21 17:52:12	8/4/21 18:01:01	anonymous		5	5	5	5	5	5	5	5	Frecuente	Porque las manejo constantemente. 	Poco frecuente	Quizá por falta de tiempo :(	Sí	UNAH	No			Banco Atlántida;	Desarrollo de software;	Desarrollo Resolución de problemas En pocas ocasiones, manejar la DB.	Conocimientos intermedios de base de datos (manejo de gestores, consultas, creaciones de usuarios, asignación de roles, etc.);Conocimientos de lenguajes de programación;Conocimiento en creación y mantenimiento de aplicaciones web;	Java C# API SOAP RPG	1	4	3	3	5	2	3	5	3	3	2	2	5	4	MySQL;SQL Server;Db2;	Linux;Windows;	Java ;C++;C#;JavaScript ;PHP;																																														
46	8/4/21 18:06:14	8/4/21 18:12:28	anonymous		5	5	5	5	5	5	5	5	Muy frecuente	Me actualizo para seguir mejorando	Frecuente	Aprendo más las que utilizo en mi trabajo	Sí	UNAH	No			Banco Ficohsa;Banco Atlántida;	Desarrollo de software;	Desarrollo de Proyectos y mejoras	Conocimientos intermedios de base de datos (manejo de gestores, consultas, creaciones de usuarios, asignación de roles, etc.);Conocimientos de lenguajes de programación;Conocimiento en creación y mantenimiento de aplicaciones web;	Jdeveloper, Oracle forma, weblogic, t24, RPG, genexus	5	3	4	4	3	4	3	5	4	3	3	3	5	5	Oracle;SQL Server;	Windows;Linux;	Java ;C#;C++;JavaScript ;																																														
47	8/4/21 18:12:31	8/4/21 18:14:28	anonymous		5	4	5	5	5	4	4	5	Frecuente	Minimizar el riesgo de usar tecnología obsoleta o poco eficiente 	Frecuente	Potenciar el catálogo de conocimientos en la industria. 	No																											No			No																																										
48	8/4/21 18:10:04	8/4/21 18:15:15	anonymous		5	2	5	5	2	5	2	5	Poco frecuente	Utilizo tecnologías diferentes 	Frecuente	Por el trabajo y por ganas de uno mismo 	Sí	UNICAH	No			Banco Atlántida;	Desarrollo de software;	Confidencial	Conocimientos de lenguajes de programación;Conocimientos intermedios de base de datos (manejo de gestores, consultas, creaciones de usuarios, asignación de roles, etc.);Manejo y creación de apis y web services ;	Genexus, java, c#, sap pi	5	5	2	2	2	2	1	5	2	1	2	0	4	5	SQL Server;MySQL;Db2;	Windows;	Java ;C#;Manejar Genexus ;																																														
49	8/4/21 18:12:31	8/4/21 18:22:42	anonymous		5	4	4	5	5	5	5	5	Frecuente	Leo por lo menos un artículo en freeCodeCamp y/o el blog de StackOverFlow para conocer las últimas tendencias de programación.	Frecuente	Para tener un mayor conocimiento y así ser más competitivo a nivel laboral.	Sí	CEUTEC	No			Banco Atlántida;	Desarrollo de software;	Desarrollo, mantenimiento y migración de servicios empresariales web, principalmente con Java EE.	Conocimientos intermedios de base de datos (manejo de gestores, consultas, creaciones de usuarios, asignación de roles, etc.);Conocimientos de lenguajes de programación;Conocimiento en creación y mantenimiento de aplicaciones web;	Git y DB2. Actualmente estoy estudiando Docker para un proyecto en el que participaré pronto.	4	4	3	4	4	3	2	4	5	4	4	5	5	4	Oracle;SQL Server;Db2;	Windows;Linux;	Java ;C#;																																														
50	8/4/21 18:18:22	8/4/21 18:22:47	anonymous		5	4	4	4	5	4	4	3	Frecuente	Porque la tecnología avanza muy rápido 	Poco frecuente	No me Dan ánimos. 	Sí	UNAH	No			Banco Atlántida;	Desarrollo de software;	Desarrollador de sistemas	Conocimientos intermedios de base de datos (manejo de gestores, consultas, creaciones de usuarios, asignación de roles, etc.);Conocimientos de lenguajes de programación;Administración de redes de datos;	Rpg	4	3	3	3	2	2	2	4	4	3	4	3	4	3	SQL Server;Db2;MySQL;Oracle;	Windows;Linux;	Java ;Rpg;																																														
51	8/4/21 18:19:38	8/4/21 18:22:56	anonymous		5	5	5	5	5	5	5	5	Frecuente	cada mes	Frecuente	cada 2 meses en promedio	Sí	UNICAH	Sí	Diseño y Administración de Redes de Datos;	Adquirir nuevas competencias.	Banco Atlántida;BAC ;	Desarrollo de software;	Desarrollo Software	Conocimientos de lenguajes de programación;Administración de redes de datos;	Redes, Bases de datos	5	5	5	5	5	5	3	3	3	3	3	3	3	3	SQL Server;MySQL;Db2;	Windows;	Java ;C#;																																														
52	8/4/21 18:20:27	8/4/21 18:23:52	anonymous		3	3	5	4	2	3	3	3	Muy frecuente	Por que son parte de mi rubro de trabajo	Frecuente	Parte del trabajo	No																											No			No																																										
53	8/4/21 18:18:13	8/4/21 18:23:57	anonymous		5	5	5	5	5	4	4	5	Frecuente	Actualización	Poco frecuente	Tiempo	Sí	UNICAH	Sí	Análisis y Diseño de Software;	Docencia	Banco Atlántida;	Base de Datos;Desarrollo de software;	Etls	Conocimientos intermedios de base de datos (manejo de gestores, consultas, creaciones de usuarios, asignación de roles, etc.);Conocimientos de lenguajes de programación;	Java, sql	3	3	3	3	3	2	2	4	2	2	1	2	4	5	Db2;SQL Server;Oracle;	Windows;Linux;	Java ;C#;RPG;																																														
54	8/4/21 18:17:58	8/4/21 18:24:28	anonymous		5	3	3	4	5	4	5	5	Frecuente	En mi area que es desarrollo siempre se estan actualizando las herramientas de desarrollo	Poco frecuente	Por el sector en el que nos desempeñamos se tiene una estandar de herramientas con las cuales se trabaja	Sí	UNAH	No			Banco Atlántida;	Desarrollo de software;	Desarrollo de sistemas	Conocimiento en creación y mantenimiento de aplicaciones web;Conocimiento en creación y mantenimiento de aplicaciones móviles;Conocimientos intermedios de base de datos (manejo de gestores, consultas, creaciones de usuarios, asignación de roles, etc.);	Uso de web services	3	4	3	5	5	5	3	4	5	5	4	3	3	3	Db2;SQL Server;MySQL;	Windows;Unix;	Java ;JavaScript ;C#;																																														
55	8/4/21 18:13:12	8/4/21 18:27:06	anonymous		4	3	4	4	5	4	4	4	Frecuente	Si ya las manejo es por que trabajo muy frecuentemente en ellas y esta implícito el hecho de que pasó en constante actualización de conocimientos. 	Frecuente	Depende de si los proyectos son de un mismo producto o empresa, si se trabaja con el mismo producto es poco frecuente que se cambie de tecnología. En mi caso cambió de producto constantemente. 	Sí	UNAH	No			Banco Atlántida;BAC ;	Desarrollo de software;Marketing Digital ;	Desarrollo e integración de servicios multicanal. Parametrización de interfaces. Tareas automáticas para  transacciones por lotes. ETL	Conocimientos intermedios de base de datos (manejo de gestores, consultas, creaciones de usuarios, asignación de roles, etc.);Conocimientos de lenguajes de programación;Conocimiento en creación y mantenimiento de aplicaciones web;	Genexus, RPG, C#, Java, SQL	4	3	3	5	3	1	3	1	2	1	1	1	1	3	SQL Server;Db2;	Windows;Linux;	Java ;C#;																																														
56	8/4/21 18:26:06	8/4/21 18:30:31	anonymous		5	5	5	5	5	3	5	4	Frecuente	Donde yo trabajo generalmente no cambian	Poco frecuente	En este momento no me he visto en la necesidad, Pero estoy claro que debo hacerlo	Sí	UNAH	No			Banco Atlántida;	Desarrollo de software;	Desarollo	Conocimientos de lenguajes de programación;	Tecnologias en servicios web	4	4	3	3	4	1	2	4	5	3	3	3	4	2	Db2;	Windows;Linux;	Java ;C++;JavaScript ;C#;Python;																																														
57	8/4/21 18:27:34	8/4/21 18:33:51	anonymous		4	4	5	4	4	5	4	4	Poco frecuente	Solamente cuando vuelvo a necesitar dicho conocimiento	Frecuente	Trato de aprender un lenguaje de programación cada 6 meses, o en caso de estar interesado en uno anterior, seguir avanzando durante 3 meses	Sí	UNAH	Sí	Diseño y Administración de Redes de Datos;	Darme una competencia extra sobre el promedio de Ingenieros.	Banco Atlántida;	Desarrollo de software;	- Desarrollo de soluciones a incidentes presentados a diario a nivel de aplicativos. - Desarrollo de proyectos para mejora de aplicativos o creación de los mismos.	Conocimientos intermedios de base de datos (manejo de gestores, consultas, creaciones de usuarios, asignación de roles, etc.);Conocimientos de lenguajes de programación;Conocimientos intermedios de administración de servidores;	- Genexus - Bases de Datos - C# - Diagramas de flujo	5	5	5	4	3	3	1	4	3	3	2	3	5	4	Db2;SQL Server;Oracle;	Windows;Linux;	Java ;C#;JavaScript ;																																														
58	8/4/21 18:25:59	8/4/21 18:34:35	anonymous		5	3	5	5	5	5	4	4	Muy frecuente	Para poder brindar soluciones tecnologicas mas rapidas y nuevos metodos o formas de solucionar problemas.	Frecuente	Cade 3 o y meses.	Sí	UNICAH	No			Banco Atlántida;	Desarrollo de software;	Analisis y Desarrollo de aplicaciones Web y de Escritorio. Conexiones a Base de datos. Pruebas Internas.	Conocimientos de lenguajes de programación;Conocimientos intermedios de base de datos (manejo de gestores, consultas, creaciones de usuarios, asignación de roles, etc.);Conocimiento en creación y mantenimiento de aplicaciones web;	Nose	5	5	3	4	5	3	3	5	5	3	4	4	5	5	SQL Server;MySQL;Db2;Oracle;	Linux;Windows;	Java ;JavaScript ;C#;PHP;																																														
59	8/4/21 18:46:56	8/4/21 18:50:35	anonymous		5	4	5	5	5	5	5	5	Frecuente	Es necesario debido a el lanzamiento de nuevas tecnologías	Frecuente	Es necesario en el ámbito laboral	Sí	Banco Atlántida	No			Banco Atlántida;	Desarrollo de software;	Desarrollo	Conocimientos de lenguajes de programación;Conocimientos intermedios de base de datos (manejo de gestores, consultas, creaciones de usuarios, asignación de roles, etc.);Conocimiento en creación y mantenimiento de aplicaciones web;	Gnexus	5	5	5	5	5	5	5	5	5	5	5	5	5	5	SQL Server;Oracle;MySQL;Db2;	Windows;Linux;	Java ;JavaScript ;C#;PHP;																																														
60	8/4/21 18:47:24	8/4/21 18:51:52	anonymous		5	3	5	5	2	4	2	3	Poco frecuente	No hay necesidad de actualizarlas muy frecuentemente porque este depende del área de trabajo y la empresa donde uno se encuentra	Poco frecuente	La necesidad de aprender algo nuevo depende del área de trabajo 	Sí	UNITEC	No			Banco Atlántida;	Desarrollo de software;	Desarrollo y servicio al cliente 	Conocimientos intermedios de base de datos (manejo de gestores, consultas, creaciones de usuarios, asignación de roles, etc.);Conocimiento en creación y mantenimiento de aplicaciones web;Conocimientos de lenguajes de programación;	Genexus	3	3	3	3	3	3	3	5	3	4	3	2	4	4	Oracle;SQL Server;MySQL;	Windows;	Java ;C++;																																														
61	8/4/21 18:46:56	8/4/21 18:52:49	anonymous		5	5	5	5	5	5	5	5	Poco frecuente	Comodidad al conocimiento actual 	Poco frecuente	No he necesitado por los momentos	Sí	UNAH	No			Banco Atlántida;	Desarrollo de software;	Desarrollo de software, específicamente web service, backend.	Conocimientos intermedios de base de datos (manejo de gestores, consultas, creaciones de usuarios, asignación de roles, etc.);Conocimientos de lenguajes de programación;Conocimiento en creación y mantenimiento de aplicaciones web;	Bases de datos y programación	5	5	3	3	3	3	2	4	5	4	2	3	5	3	Oracle;SQL Server;	Windows;	Java ;C#;																																														
62	8/4/21 19:09:04	8/4/21 19:14:41	anonymous		5	5	5	5	5	5	4	5	Poco frecuente	Aproximadamente 3 o 4 veces al año	Poco frecuente	Me gusta centrarme en una sola dominarla bien y pasar a otra 	Sí	UNAH	No			Banco Atlántida;	Desarrollo de software;	Solución de problemas 	Conocimientos intermedios de base de datos (manejo de gestores, consultas, creaciones de usuarios, asignación de roles, etc.);Conocimientos de lenguajes de programación;Conocimiento en creación y mantenimiento de aplicaciones web;	Java 	5	2	2	5	4	1	1	5	3	3	1	3	5	5	SQL Server;MySQL;MongoDB;Oracle;	Windows;Linux;	Java ;JavaScript ;C++;Python;C#;PHP;																																														
63	8/4/21 19:09:32	8/4/21 19:15:50	anonymous		5	3	4	5	5	4	4	5	Poco frecuente	Poco tiempo para estudiar después del trabajo, y agotamiento	Poco frecuente	Salen muchas tecnologías que cuando termino de aprender una, ya hay otra nueva	Sí	UNAH	No			Banco Ficohsa;	Desarrollo de software;	Desarrollo de proyectos de software 	Conocimientos intermedios de base de datos (manejo de gestores, consultas, creaciones de usuarios, asignación de roles, etc.);Conocimientos de lenguajes de programación;	Manejo de base de datos Oracle. Y lenguajes de programación poco usados	3	2	4	5	3	2	4	5	1	1	1	1	5	2	Oracle;SQL Server;	Linux;Windows;	C#;PHP;Java ;																																														
64	8/4/21 19:32:35	8/4/21 19:36:50	anonymous		5	3	3	4	5	3	4	4	Muy frecuente	Por el avance de la tecnología. 	Muy fecuente	Mensualmente 	Sí	UNAH	Sí	Análisis y Diseño de Software;	Certificados de Oracle	Banco Atlántida;Banco Ficohsa;	Base de Datos;Desarrollo de software;	Administración de base de datos y desarrollo de software. 	Conocimientos de lenguajes de programación;Conocimientos intermedios de base de datos (manejo de gestores, consultas, creaciones de usuarios, asignación de roles, etc.);	Desarrollo 	5	4	5	5	5	5	3	4	5	4	3	3	5	5	Oracle;SQL Server;	Windows;Linux;	Java ;C#;JavaScript ;Python;																																														
65	8/4/21 19:33:52	8/4/21 19:41:43	anonymous		5	2	4	5	5	4	3	5	Poco frecuente	Ya no me dedico a programar	Poco frecuente	He orientado mi carrera profesional a trabajar en roles de project management 	Sí	UTH	No			Banco Ficohsa;	Desarrollo de software;	Desarrollo de software  Dirección de equipos de desarrollo bajo frameworks waterfall y SCRUM. Negociación con proveedores Seguimiento de proyectos.	PL/SQL;	Java	5	2	2	5	5	1	1	5	5	4	1	2	5	1	PostgreSQL;Oracle;SQL Server;	Linux;Windows;	Java ;Python;PHP;JavaScript ;																																														
66	8/4/21 19:53:59	8/4/21 19:58:12	anonymous		3	3	3	3	3	3	3	3	Poco frecuente	Poco acceso.	Poco frecuente	Falta de tiempo 	Sí	UNAH	No			Banco Ficohsa;	Desarrollo de software;	Análisis y desarrollo de aplicativos 	Conocimientos de lenguajes de programación;Conocimientos intermedios de base de datos (manejo de gestores, consultas, creaciones de usuarios, asignación de roles, etc.);	Temenos  Oracle forms	3	2	2	2	3	2	2	2	2	2	2	1	1	1	Oracle;SQL Server;MySQL;	Windows;	Java ;JavaScript ;C++;																																														
67	8/4/21 19:52:46	8/4/21 19:58:29	anonymous		5	5	5	5	5	5	5	5	Muy frecuente	Prácticamente a diario ya que en eso me desempeño	Frecuente	Tengo que estar actualizado en las tecnologías de vanguardia	Sí	UNAH	No			Banco Atlántida;	Desarrollo de software;	Análisis, desarrollo e implementación de software	Conocimientos de lenguajes de programación;Conocimiento en creación y mantenimiento de aplicaciones web;	Desarrollo de frontend	4	4	4	5	2	3	5	4	3	3	4	3	5	4	Oracle;SQL Server;	Windows;Linux;	JavaScript ;Java ;C#;																																														
68	8/4/21 19:49:45	8/4/21 19:58:50	anonymous		4	4	3	5	5	4	4	4	Frecuente	Para estar al tanto de nuevas formas de realizar los trabajos para mejorar la eficiencia de los procesos	Frecuente	Para estar al tanto de nuevas formas de realizar los trabajos para mejorar la eficiencia de los procesos	Sí	UNICAH	No			Banco Ficohsa;	Base de Datos;Desarrollo de software;	Desarrollo de software, creación de procedimientos almacenados, creación de proceso automáticos	Conocimientos de lenguajes de programación;Conocimientos intermedios de base de datos (manejo de gestores, consultas, creaciones de usuarios, asignación de roles, etc.);Conocimiento en creación y mantenimiento de aplicaciones web;	Integration services y reforzar mejores prácticas para el uso de las bases de datos	4	3	4	4	4	3	3	4	4	4	4	3	4	4	SQL Server;Oracle;	Windows;	Java ;C#;																																														
69	8/4/21 19:56:41	8/4/21 20:01:33	anonymous		5	3	5	5	5	5	5	5	Muy frecuente	Para resolver problemas 	Poco frecuente	Falta de tiempo y zona de confort en el trabajo 	Sí	UNAH	Sí	Scrum;	Querer aportae un conocimiento completo en el area	Banco Ficohsa;	Desarrollo de software;	Desarrollo y mantenimiento de software 	Conocimientos intermedios de base de datos (manejo de gestores, consultas, creaciones de usuarios, asignación de roles, etc.);Conocimientos de lenguajes de programación;	Oracle, PL/SQL	5	3	4	5	1	5	3	5	4	3	1	2	4	4	Oracle;MySQL;SQL Server;PostgreSQL;	Windows;Linux;Unix;	Java ;JavaScript ;C++;																																														
70	8/4/21 19:45:43	8/4/21 20:01:40	anonymous		5	3	5	5	3	5	3	5	Frecuente	Dados los distintos proyectos personales en los que trabajo, cada vez que es algo nuevo, lo hago con lo más reciente.	Poco frecuente	Depende de las necesidades que tenga. No he necesitado últimamente aprender algo nuevo.	Sí	UNICAH	Sí	Análisis y Diseño de Software;	La empresa me certificó	Banco Atlántida;	Desarrollo de software;Base de Datos;	Desarrollo de la capa media desde el backend como el front end, analizando y diseñando cada una de las soluciones a implementar.	Conocimientos intermedios de base de datos (manejo de gestores, consultas, creaciones de usuarios, asignación de roles, etc.);Conocimientos de lenguajes de programación;	Bases de datos y desarrollo de front end. Aprender distintos frameworks como Entity Framework en .Net y React en javascript.	3	5	3	3	2	1	3	2	2	2	2	4	3	5	Oracle;SQL Server;	Linux;Windows;	Java ;C#;JavaScript ;																																														
71	8/4/21 19:55:55	8/4/21 20:01:55	anonymous		4	4	5	5	5	5	4	5	Frecuente	1 veces al mes	Poco frecuente	1 vez cada 3 meses	Sí	UNAH	No			Banco Ficohsa;	Base de Datos;Desarrollo de software;	Análisis, diseño, desarrollo y resolución de incidentes 	Conocimientos de lenguajes de programación;Conocimientos intermedios de base de datos (manejo de gestores, consultas, creaciones de usuarios, asignación de roles, etc.);	Lenguaje java	4	4	4	3	3	2	3	4	3	4	4	3	3	3	Oracle;MySQL;SQL Server;	Unix;Windows;	Java ;C#;																																														
72	8/4/21 19:57:11	8/4/21 20:03:11	anonymous		5	5	5	5	4	5	5	5	Muy frecuente	Se realizan actividades cotidianas 	Frecuente	Trato de reforzar conocimientos sobre las tecnologías que se manejan 	Sí	UNAH	Sí	Gestión de Proyectos;Análisis y Diseño de Software;	Mejor calificado	Banco Ficohsa;	Base de Datos;Desarrollo de software;	Fábricas de Software 	Conocimientos intermedios de base de datos (manejo de gestores, consultas, creaciones de usuarios, asignación de roles, etc.);Conocimientos de lenguajes de programación;	JBASE, TAFJ, TAFC	5	5	5	1	1	1	1	5	1	5	1	1	5	3	Oracle;SQL Server;PostgreSQL;	Linux;Unix;Windows;	Java ;C#;																																														
73	8/4/21 19:54:51	8/4/21 20:03:16	anonymous		3	4	3	3	4	5	5	4	Frecuente	Frecuente porque a veces uno se dedica a otros asuntos personales, y no queda suficientr tiempo, y en otras ocasiones puedes dedicarte a actualizar otros conocimientos. 	Frecuente	Frecuente porque hay que enfocarse primero en una sola tecnología para poder dominarla, e ir aprendiendo una tecnología a la vez	Sí	UNAH	No			Banco Ficohsa;	Desarrollo de software;	Soporte técnico y desarrollo de plataforma CRM de tarjetas 	Conocimientos intermedios de base de datos (manejo de gestores, consultas, creaciones de usuarios, asignación de roles, etc.);Conocimientos de lenguajes de programación;Conocimiento en creación y mantenimiento de aplicaciones web;	Manejo de CRM	5	4	4	4	4	4	4	5	4	3	4	4	5	4	Oracle;SQL Server;MySQL;	Windows;Linux;	Java ;JavaScript ;C#;PHP;																																														
74	8/4/21 19:50:39	8/4/21 20:04:25	anonymous		5	4	5	4	5	5	5	4	Poco frecuente	Falta de tiempo por temas de trabajo.	Frecuente	Falta de tiempo por temas de trabajo.	Sí	UNAH	No			Banco Ficohsa;	Datawarehouse;	Temas de base de datos, reporteria, Construcción de modelos estrellas, dimensiones de Exploración sobre  herramientas de BI, manejo y administración de datos sobre metodologías de  almacenamiento Data Vault.	Conocimientos intermedios de base de datos (manejo de gestores, consultas, creaciones de usuarios, asignación de roles, etc.);Conocimientos de lenguajes de programación;	Base de Datos Oracle y Sybase, Herramienta BI, Herramientas de ETL' s, Herramientas de Reporteria, Oracle Forms and Reports.	4	4	4	4	4	4	4	5	5	4	4	4	5	5	Oracle;SQL Server;Sybase;PostgreSQL;	Windows;Linux;	Java ;JavaScript ;C++;Python;C#;PHP;																																														
75	8/4/21 19:59:15	8/4/21 20:06:56	anonymous		5	4	4	4	5	4	4	4	Muy frecuente	Porque dia a dia en mi trabajo tengo situaciones nuevas 	Frecuente	Porque si se necesita realizar un proyecto con diferente tecnología tengo que aprenderla para poder desarrollar 	Sí	UNAH	No			Banco Ficohsa;	Desarrollo de software;	Desarrollo de Mejoras de aplicaciones 	Conocimientos de lenguajes de programación;Conocimiento en creación y mantenimiento de aplicaciones web;	Nuevos lenguajes de programación 	5	4	3	4	4	3	2	4	3	4	2	2	4	3	Oracle;SQL Server;MySQL;	Windows;Linux;	Java ;C++;C#;JavaScript ;																																														
76	8/4/21 20:02:58	8/4/21 20:07:15	anonymous		5	5	5	5	4	5	5	4	Muy frecuente	Porque se pasan actualizando, por lo cual es necesario ser autodidacta 	Frecuente	Si me interesa algo, lo investigo porque sé que es importante 	Sí	UNAH	Sí	Gestión de Proyectos;	Abre más puertas	Banco Atlántida;Banco Ficohsa;	Desarrollo de software;Administración de Proyectos;	Diferentes administraciones de sistemas, desarrollo de software, administración de proyectos 	Conocimientos intermedios de base de datos (manejo de gestores, consultas, creaciones de usuarios, asignación de roles, etc.);Conocimientos de lenguajes de programación;	Jbase	3	3	3	4	4	2	3	5	3	4	1	2	4	4	Oracle;SQL Server;	Windows;Linux;	Java ;JavaScript ;C++;C#;PHP;																																														
77	8/4/21 20:05:34	8/4/21 20:10:20	anonymous		3	3	5	4	4	5	4	4	Poco frecuente	2 o 3 veces al año	Frecuente	2 o 3 veces al año	Sí	CEUTEC	No			Banco Ficohsa;	Desarrollo de software;	Analisista de software Desarrollador	Conocimientos intermedios de base de datos (manejo de gestores, consultas, creaciones de usuarios, asignación de roles, etc.);Conocimientos de lenguajes de programación;	Base de datos y servicios web	4	2	3	3	3	3	3	4	4	3	2	2	4	3	Oracle;SQL Server;MySQL;	Windows;Linux;	Java ;JavaScript ;PHP;Python;																																														
78	8/4/21 20:11:20	8/4/21 20:24:09	anonymous		4	3	5	5	5	3	5	5	Muy frecuente	Muy a menudo salen nuevas actualizaciones que se  requiere implementar en los sistemas que están desarrollados en dichas tecnologías 	Frecuente	La demanda del mercado requiere aprender nuevas tecnologías, sino se queda obsoleta y sin trabajo 	Sí	UNAH	Sí	Redes y comunicaciones ;Seguridad de la Información;	Poder comprobar lo que se 	Banco Atlántida;Banco Ficohsa;BAC ;	Base de Datos;Desarrollo de software;Seguridad informática;	Seguridad informática. Analistas, desarrollador de sistey	Conocimientos intermedios de base de datos (manejo de gestores, consultas, creaciones de usuarios, asignación de roles, etc.);Conocimientos de lenguajes de programación;	Sql Server, oracle, DB2 .Net, Java, PHP, Jbase, Genexus  T24, oracle form, AS400 Docker, kubernete 	3	3	3	5	1	1	3	5	5	3	5	4	5	3	Oracle;SQL Server;MySQL;Db2;	Windows;Linux;	Java ;JavaScript ;C#;																																														
79	8/4/21 20:24:30	8/4/21 20:34:02	anonymous		5	3	5	5	5	5	5	5	Frecuente	La frecuencia segun sea necesario para el desempeño de mis funciones.	Frecuente	Segun sea necesario en el desempeño de mis funciones, hay proyectos que requieren aprender nuevas tecnologias. 	Sí	UNAH	No			Banco Ficohsa;	Desarrollo de software;	Desarrollo de software	Conocimientos intermedios de base de datos (manejo de gestores, consultas, creaciones de usuarios, asignación de roles, etc.);Conocimientos de lenguajes de programación;Conocimiento en creación y mantenimiento de aplicaciones web;	Ninguna solo act conocimientos.	5	3	3	3	3	3	3	4	1	3	3	3	4	5	Oracle;SQL Server;PostgreSQL;	Windows;Linux;	Java ;JavaScript ;PHP;																																														
80	8/4/21 20:29:58	8/4/21 20:38:20	anonymous		5	4	4	5	5	4	5	5	Poco frecuente	Muchas veces en el día a día, ya sea por el trabajo o asuntos personales no es posible cursar un seminario para conocer nuevas tecnologías o ya sea ingresar a algún curso.	Poco frecuente	Similar a la respuesta anterior.	Sí	UNAH	No			Banco Ficohsa;	Control de Cambios TI;	Evaluación, revisión de cambios para su pase a producción.  Resolución de incidentes a usuarios internos de banco. Gestión de incidentes como incident mánager. Accesos y permisos a usuarios internos de banco.	Conocimientos intermedios de base de datos (manejo de gestores, consultas, creaciones de usuarios, asignación de roles, etc.);	N/A	2	1	1	1	1	0	0	1	3	2	1	1	0	1	Oracle;SQL Server;PostgreSQL;MySQL;	Windows;Linux;Unix;	JavaScript ;Java ;																																														
81	8/4/21 20:38:43	8/4/21 20:42:13	anonymous		5	5	5	5	5	5	5	5	Poco frecuente	El área no cambia mucho	Poco frecuente	Salen pocas 	Sí	UNAH	No			Banco Ficohsa;	Base de Datos;	Datawarehouse	Conocimientos intermedios de base de datos (manejo de gestores, consultas, creaciones de usuarios, asignación de roles, etc.);Conocimientos de lenguajes de programación;	Sql	4	4	4	4	2	2	4	4	4	3	3	3	5	5	Oracle;SQL Server;PostgreSQL;Db2;	Windows;Linux;Unix;	JavaScript ;C++;Python;C#;																																														
82	8/4/21 20:28:34	8/4/21 20:57:16	anonymous		5	2	4	2	3	3	4	4	Muy frecuente	Si es una tecnologia que domino... forzosamente necesitas actualizarte para poder estar en el mercado.	Frecuente	Si bien es cierto las empresas bancarias son un poco renuentes a las nuevas teconologias.... dependera de tu perfil o cargo que ocupes... si tienes un perfil full stack por ejemplo tienes mas posibilidades de aprender mas tecnologias.... si en cambio eres especialista en alguna tecnologia dificilmente aprenderas nuevas.	Sí	UNAH	Sí	Salesforce ;	Como especialista en alguna plataforma te concentras en formar una carrera... y si logras cerrificarte tu perfil se vuelve  mas vistoso y atractivo te vendes mejor al mercado laboral.	Banco Ficohsa;BAC ;	Desarrollo de software;Architectura y diseno de software;	- Analisis y diseno de software - Desarrollo de software 	Conocimiento en creación y mantenimiento de aplicaciones móviles;Conocimiento en creación y mantenimiento de aplicaciones web;Administración de redes de datos;Conocimientos de lenguajes de programación;Conocimientos intermedios de base de datos (manejo de gestores, consultas, creaciones de usuarios, asignación de roles, etc.);	Mas que tecnologias son Habilidades blandas	2	1	1	5	2	4	0	3	2	1	1	3	4	1	SQL Server;	Windows;Linux;	Java ;JavaScript ;Python;PHP;C#;Frameworks JavaScript ;																																														
83	8/4/21 21:13:42	8/4/21 21:21:30	anonymous		5	4	5	5	5	5	5	5	Frecuente	Por el tipo de trabajo que desempeño 	Poco frecuente	Debido a la disponibilidad de tiempo. 	Sí	UNAH	No			Banco Ficohsa;	Desarrollo de software;	Desarrollo Análisis y diseño	Conocimientos intermedios de base de datos (manejo de gestores, consultas, creaciones de usuarios, asignación de roles, etc.);Conocimientos de lenguajes de programación;Conocimiento en creación y mantenimiento de aplicaciones web;	Desarrollo en área de backend	5	4	4	3	5	3	3	5	2	2	2	2	3	4	Oracle;SQL Server;MySQL;	Windows;	Java ;PHP;Python;C++;JavaScript ;C#;																																														
84	8/4/21 23:23:59	8/4/21 23:36:09	anonymous		5	3	3	5	5	5	5	5	Poco frecuente	Tiempo	Frecuente	Retos laborales 	Sí	CEUTEC	No			Banco Ficohsa;	Desarrollo de software;Base de Datos;	Mejoras a sistemas y migraciones 	Conocimientos intermedios de base de datos (manejo de gestores, consultas, creaciones de usuarios, asignación de roles, etc.);Conocimientos de lenguajes de programación;Conocimiento en creación y mantenimiento de aplicaciones web;	Java, pl sql, VB.NET	4	2	3	3	3	0	2	5	3	3	3	3	5	4	Oracle;SQL Server;MongoDB;PostgreSQL;MySQL;	Windows;Linux;Unix;	Java ;JavaScript ;C++;Python;C#;																																														
85	8/5/21 13:33:22	8/5/21 13:39:22	anonymous		5	4	5	5	5	5	4	5	Poco frecuente	Por cuestión de Tiempo	Frecuente	Es necesario actualizarse en esta area, pero hay poco tiempo 	No																											No			Sí	Desarrollo de software ;Base de datos;Redes de datos;	Gusto propio	0	4	3	4	0	3		Clases de la universidad;Proyectos extracurriculares;	4	4	3	3	0	0	0	2	2	3	3	4	2	Modelo Vista-Controlador;	Clases de la universidad;	3	3	3	3	3	0	0		Cursos en Línea;Clases de la universidad;	Organización eficiente de las tablas;Diseño de las relaciones entre tablas;Normalización de la base de datos;	Windows;Linux;	Clases de la universidad;	Funciones a realizar	Neutro	Es un buen sector pero también hay otros buenos	Sí	Me obligaria a aprender algo nuevo, lo cual siempre es bueno
86	8/5/21 13:54:53	8/5/21 14:07:28	anonymous		5	3	4	5	4	5	4	5	Frecuente	Para mantener un buen manejo y gestión de las mismas	Frecuente	Debido a mí area de trabajo es importante mantenerse en un aprendizaje constante 	No																											Sí	No		Sí	Desarrollo de software ;Redes de datos;Desarrollo Web;	Es lo que más me gusta	2	4	2	0	0	3	Typescript 4	Cursos en Línea;Proyectos extracurriculares;Leyendo documentación ;	4	4	4	1	1	0	3	4	3	3	4	3	2	Diseño por capas;Modelo Vista-Controlador;Microservicios;MVVM;	Cursos en Línea;Clases de la universidad;Terceros;	2	3	3	0	3	0	0		Clases de la universidad;	Organización eficiente de las tablas;Diseño de las llaves primarias y las llaves foráneas;Diseño de las relaciones entre tablas;Normalización de la base de datos;	Windows;iOS;	De forma empírica ;	El sueldo	Neutro	Buena paga	Sí	Para ganar experiencia y aprender cosas nuevas que pueden ser se utilidad en el futuro